x1,x2,x3,x4,x5,y
54.96714153011233,36.99677718293001,89.87232587538428,3.092192442122609,C,0
48.61735698828815,34.62316841456384,97.83221993926723,4.139614989220498,B,1
56.47688538100692,30.29815184960087,88.11370118500058,4.586394466578356,A,1
65.23029856408026,26.76531611147213,95.38057705541439,6.887687657340191,B,0
47.658466252766644,33.49111656806795,71.59577999569322,5.5565531245337585,A,0
47.6586304305082,31.967426927108747,103.19940561059408,3.6645184309001086,A,1
65.79212815507391,34.47596610013866,100.01808213043337,5.486036289417637,B,1
57.67434729152909,33.175859008409844,87.74367053397714,3.4526960110616347,C,0
45.30525614065048,35.247763576596675,109.88868502648607,6.082691053887073,A,0
55.42560043585965,27.32382394219716,114.06355206439838,4.528875348182122,C,0
45.365823071875376,36.58697032817163,75.88660203446538,4.906363811260829,B,0
45.34270246429743,30.987998023461998,88.55912832150679,6.32579664754219,A,1
52.41962271566034,40.37630436312632,88.46286475319053,3.71283643141575,B,0
30.86719755342202,26.55406090955216,85.90145348336704,3.6028818148870085,C,0
32.75082167486967,38.67981901582625,112.44212262897622,4.416400673653995,B,1
44.37712470759027,30.989553917313238,97.09260791840795,6.038378851019317,B,1
39.87168879665576,26.74290998192776,96.03227738034084,3.480653924523158,A,1
53.142473325952736,27.58057082972839,69.9420645338987,2.167844401889431,B,1
40.91975924478789,28.3982634590284,109.53127045313839,4.5488411415910015,B,1
35.87696298664709,32.12082973200958,81.41112407719791,5.55174079991092,B,0
64.65648768921554,32.6141774401775,100.89898945399493,6.2002617497388295,A,0
47.74223699513465,27.131499980307105,104.16065406937288,4.536838637914601,C,0
50.67528204687924,29.878227038695087,120.40987893757976,4.588573392883998,C,1
35.75251813786544,40.71135179305932,80.36769401321332,6.153900734255747,B,0
44.556172754748175,38.637715850503554,54.70731766268762,3.1302583003045794,A,1
51.10922589709866,32.18161834837016,102.75774317130542,4.611479224816991,B,0
38.490064225776976,30.190017390841,127.0076677226628,5.190423889925058,C,0
53.75698018345672,30.600156633591308,118.58419529409156,5.4492187212850345,A,1
43.99361310081195,33.06758986365208,103.14489122911938,4.490193306809117,C,1
47.083062502067236,24.886037174007974,92.62545721551929,5.034441011705841,C,0
43.98293387770603,28.713117312883274,112.10683894955966,2.5116726465870105,A,0
68.52278184508938,21.657079630612053,85.39680700443297,4.341751587666152,A,0
49.86502775262066,31.996115613026397,107.14536654034329,5.453508712554467,B,0
39.422890710440996,33.2359796985137,107.5820523874994,4.0177059657453205,B,0
58.225449121031886,27.58406768850313,115.90314861248319,5.058984221589597,C,1
37.791563500289776,37.869933816450164,141.39490058366616,5.446872500802698,A,1
52.08863595004755,23.871171684988294,105.88623950768151,4.657450799142235,A,1
30.403298761202244,22.6781255989509,92.36554561438751,5.170463770996571,B,1
36.71813951101569,31.12225909279986,99.61638531712008,4.037267434715388,C,0
51.96861235869123,35.23549151306077,73.46386142666323,4.793388720303954,C,0
57.38466579995411,38.419638457289345,89.57930303366413,5.610216169589222,B,1
51.7136828118997,27.7055786856553,93.86076342830344,5.156972960968434,A,0
48.843517176117594,35.393404167156476,92.13867403098111,4.4134687304360645,B,1
46.98896304410711,29.807457652496463,102.28532308050583,5.224216404290793,B,0
35.214780096325725,29.136863500295902,87.66370101426699,5.714609790636618,B,0
42.801557916052914,34.41829968743336,116.81546000986707,2.950058721422522,B,0
45.393612290402125,33.261614392067095,100.00310597377296,6.159074064955898,A,1
60.57122226218915,22.118039215078753,99.86049518292079,4.663745261318928,B,1
53.43618289568462,37.38270174862948,95.08157925230623,5.425489933240231,A,1
32.36959844637266,36.90045677073726,102.32786025788468,6.197246923645228,B,1
53.24083969394795,26.872186492452354,112.37647397001452,3.6283263027695343,C,0
46.149177195836835,31.979017667187044,86.9930467643365,4.290558997572454,A,0
43.23077999694041,32.47015093141369,90.12825266387115,4.711451304124295,C,0
56.11676288840868,31.303368829119535,95.44410956835003,4.216246478875572,B,0
60.30999522495951,27.2484742307729,79.81193614790178,6.734936575836809,B,1
59.31280119116199,26.641883160309742,87.71113210417754,4.143227906173207,B,0
41.607824767773614,29.872229645042772,92.85668689683011,4.444453220513133,A,0
46.907876241487855,35.86364509629682,113.11583771069091,5.204389031602977,C,0
53.31263431403564,32.71800077297216,103.93841993502888,3.797850473923911,A,1
59.75545127122359,28.14692833956947,102.90384867051317,4.604319288243736,A,1
45.2082576215471,33.85849355324172,112.76346943251959,5.317453261250175,B,1
48.14341023336183,15.757286896849623,97.93942317400905,4.667139595617488,C,0
38.93665025993972,35.74382850186052,105.85697274893334,4.906613141100052,B,1
38.037933759193294,21.301431106109504,98.45167370601256,4.470667887551629,A,0
58.125258223941984,28.18779529298434,103.98043524099442,3.485529690819233,B,0
63.56240028570823,24.401650526869282,91.25862013582626,5.321593211339239,C,0
49.27989878419666,23.526592621395473,63.41774262585356,6.754933071647241,B,1
60.03532897892024,35.8041339368926,97.98581256720544,5.018401630783438,C,1
53.61636025047634,27.661493993440544,121.3412220414991,5.22526411724755,C,0
43.54880245394876,31.73251940865358,113.89323103362389,5.6927227551168595,B,0
53.61395605508414,29.76539710560408,114.48096226886756,3.730669503453301,A,1
65.38036566465969,32.385204136115604,118.54196082709326,6.702514658129606,B,1
49.64173960890049,30.384109455301278,101.32986386442155,5.202328796422802,A,1
65.64643655814007,23.58503887905715,102.95973561108393,6.631856899089109,A,0
23.802548959102555,34.9813340972357,90.73522156848475,4.266967004476011,B,0
58.21902504375224,27.531217084193436,95.25890715959426,6.818061922557825,A,0
50.870470682381715,22.217090506701247,109.23656724656712,5.775155494034783,A,1
47.009926495341325,27.859424195170437,118.05826655753225,5.553040085852358,B,1
50.91760776535502,37.503798953171554,97.908305864785,5.234024454353148,B,1
30.124310853991073,34.251108710567465,93.24716102722883,4.75147138192555,B,0
47.80328112162488,28.256739327960705,100.00791938284895,6.2005316584738726,A,0
53.57112571511746,28.253711478407855,109.01810123393672,5.140359869848047,C,1
64.77894044741517,28.391824743913087,78.34217775799686,3.0329302964128475,A,0
44.81729781726352,40.383739917804206,65.55728570294143,3.8828135382929974,C,1
41.91506397106812,31.909677261157768,91.74194725762625,4.814154247807252,B,0
44.982429564154636,32.15020823595535,81.68931361128762,5.309998983165555,C,1
59.15402117702074,35.151417270159214,92.37789703529033,4.943411511100104,B,0
53.287511096596845,31.193945795132567,97.78329521773793,6.218970789793663,B,0
44.70239796232961,28.704789270896484,93.2012738646548,3.048898135961375,C,1
55.13267433113356,29.01825075457511,121.78701301706118,5.14358793650516,B,1
50.9707754934804,29.641993702929682,104.90117146903481,3.1820207746128455,C,1
59.68644990532889,29.813888817450792,104.50711539416243,5.759712295484168,B,1
42.979469061226474,33.6381477181849,109.33310716065102,4.905541285557997,A,1
46.723378534022316,30.259729429036497,82.91750323328847,5.419609972024118,A,0
46.078918468678424,33.6632003860779,115.58667681130403,4.136117039410234,B,1
35.364850518678814,29.59641709945709,98.8635357019681,6.279464931657751,B,1
52.96120277064576,30.393175951580453,110.05720925861819,6.041724664058851,C,1
52.610552721798896,20.00899657733946,83.92214150439767,5.583544303011887,A,0
50.05113456642461,34.581638373512405,76.69361850975903,4.870482753136559,C,1
47.65412866624853,31.732442379489964,112.26834487037543,5.579857285295132,B,1
35.84629257949586,34.99005054929826,105.64614289146274,4.293107432012651,B,1
45.79354677234641,15.518723109031553,86.46922668463735,5.8555556590207125,C,0
46.572854834732304,40.44187352390364,86.95505378087958,6.649480894323921,B,0
41.97722730778381,29.302051859224132,116.88152176622154,6.070610559979186,A,1
48.387142883339905,35.54091408368758,82.15882160699007,4.27039753019259,C,0
54.040508568145384,24.800470364372345,124.64009429883944,5.361417317273103,A,1
68.8618590121053,33.063869525312846,86.49068898028197,3.7068584562413522,A,0
51.74577812831839,24.73292218413172,109.57587888412574,5.572390311175676,A,1
52.57550390722764,26.881155196520975,95.07072286376523,5.450603412862539,C,0
49.25554084233833,39.570156769333934,109.04781146623515,3.1301836604678357,B,1
30.812287847009586,29.046587996183266,91.83828996828711,3.838216156087636,A,1
49.73486124550783,31.087164365898616,97.55810640891559,4.716861103256233,A,0
50.60230209941027,34.35033865344377,100.61378763093582,4.6991402528591735,A,1
74.63242112485287,32.47840943986302,84.96718816327791,3.790523064581195,B,1
48.076390352188774,30.752094525717883,111.11236518130188,5.388978729352184,B,1
53.015473423336125,31.824805012331126,92.30179650292622,5.251473608940512,C,1
49.65288230294757,42.01707792619138,96.57100126989972,4.805730868021481,B,0
38.31321962380468,29.711906014832074,85.08475938087231,4.244208499841637,C,1
61.42822814515021,31.005495233574837,61.56499511807034,6.048707126416564,C,0
57.519330326867745,35.25327198003806,97.13458356099747,6.6554071130882955,C,0
57.910319470430466,35.52762966478992,136.18923132419374,4.516438516153463,C,0
40.906125452052606,35.9351515278019,111.76906431847036,4.387833082845179,C,0
64.02794310936099,33.19365111014592,99.71109430398408,5.491207665411996,A,1
35.98148937207719,24.284975436347583,96.05663756187599,4.641970620253014,B,1
55.868570938002705,38.16715766150548,100.3369883921807,4.860602799336766,A,0
71.90455625809979,24.26827303490656,108.20678672762816,5.739653151724672,C,1
40.09463674869312,31.513177326195166,82.28780777036732,3.090643912492707,B,0
44.33702270397228,26.22862074990321,116.71482542003308,6.318302324852669,A,1
50.99651365087641,29.679308267035037,110.73071973161866,5.072680524329341,A,1
44.96524345883801,31.6438120515174,110.77278588561902,4.58850685543782,C,1
34.493365689338674,31.606786077251364,106.57713608214591,4.910765845778551,A,0
50.68562974806027,32.109603771176424,100.29424986540985,4.962429355020519,A,0
39.37696286273895,38.06855634529323,110.09291853950229,3.2687986965550744,A,1
54.73592430635182,32.2676715075699,108.87721200612067,6.494938227453236,A,0
40.80575765766197,28.779216823546758,94.68938933588464,5.041325632270619,A,0
65.4993440501754,34.820435841441785,91.39597340654649,5.4430021304473755,C,1
42.16746707663763,35.947352444623206,101.5278444289298,5.951549770574043,C,0
46.77938483794324,23.86196092431504,123.23530227242782,3.9788375424397,A,1
58.135172173696695,32.98700034924929,81.4133938651915,5.4734718990352285,C,1
37.69135683566045,33.50586371155449,77.98712101371339,4.732358909101206,C,1
52.27459934604129,28.51218248320004,102.47141261854775,5.846770775216494,B,0
63.07142754282428,36.878534066558096,100.76331552784028,2.8727725796485046,A,1
33.92516765438772,29.249722064837368,102.60012496555612,4.900905699758731,C,1
51.84633858532304,30.627882267357712,103.6592979686275,4.397179344216038,C,0
52.598827942484235,29.13464087858065,96.65196618047793,5.432262950634155,A,0
57.8182287177731,30.077895237907338,122.34795157903123,5.470044187368202,B,0
37.63049289121918,24.518624565523993,75.98644032285227,4.292374105177974,A,0
36.795433869157236,22.79974558702853,87.57254462829631,4.287826135823956,B,1
55.21941565616898,37.97252531612486,98.45117859776428,4.88933463144267,A,0
52.96984673233186,25.76519325840836,75.35216783268748,4.103357772684792,A,0
52.504928503458764,25.043038252718464,97.36218393351893,5.841983695452127,A,0
53.46448209496975,19.233049431981428,124.92205248592028,4.6307927995525535,A,0
43.19975278421509,26.805191261552487,100.31329732443943,2.0930117806783586,B,1
52.322536971610035,23.38455103296251,103.46051358578025,4.625177943378194,B,0
52.93072473298681,38.21007580068185,81.0975285224113,3.961456179156028,C,1
42.85648581973632,35.04908544671317,90.75457887940783,3.3687241845390545,A,0
68.65774511144757,26.559248274111383,94.37205429514094,3.7625733617774273,B,1
54.73832920911788,41.26217902672154,95.23427354865649,5.10940847183297,B,1
38.08696502797351,34.90882743495797,119.22465692505654,6.328640828248231,B,0
56.5655360863383,28.37584308245689,108.36536591087687,5.31318447386498,A,1
40.253183297726785,17.502971425632133,83.32813064594453,4.39349661178426,C,0
57.87084603742452,41.45471286295371,103.69757167648007,5.455904195170703,B,1
61.58595579007404,23.05213766618202,107.47332622745178,4.540909689781008,A,1
41.7931768164829,21.773006265215542,117.102235577819,4.305399630836855,B,1
59.63376129244322,35.1128521600482,123.70811029852561,3.8456373317670156,B,0
54.12780926936498,42.19876203169636,84.77358712258197,3.2481711932482806,C,1
58.2206015999449,36.921364092552594,87.83713733184493,4.610076293440555,B,0
68.96792982653947,32.8195456002618,81.13633211628076,5.158053489920132,B,1
47.54611883997129,32.97377170832643,96.48970211339528,4.90337632998511,A,1
42.4626383564251,34.267077793901535,106.99537561669501,4.584033072052641,A,1
41.10485570374477,33.79464294893383,114.81001774883653,4.054253939303219,C,1
41.841897150345616,31.405957119846878,98.86073464536216,5.608246191684969,A,1
49.228982905858956,30.52100551975938,95.20228715117734,3.682868080053415,A,1
53.41151974816644,29.687034360502388,102.2763698837311,5.776027913843476,C,0
52.766907993300194,26.23017705566662,87.47285647554966,3.997782981073275,B,0
58.27183249036024,28.59662461566613,131.3430808254216,4.247564762646965,C,0
50.13001891877907,21.535215929023074,75.88508459322912,3.533214809384323,A,1
64.53534077157317,29.50830186602625,102.77110868343587,4.498597853114363,C,0
47.35343166762044,25.057044464245415,130.3540932884446,5.975312458477979,B,1
77.20169166589619,24.482053413921143,100.10199766839996,5.515628088443957,C,0
56.25667347765006,30.899470755767393,97.14941447497759,5.978422112028035,A,0
41.42842443583717,36.960011431723,94.6383186578436,5.522142545933936,A,1
39.29107501938888,34.59158303001156,97.29412477356388,3.896330171469631,C,1
54.824724152431855,22.147496981884114,120.59272712014796,4.669210775672442,B,0
47.76537214674149,25.051859317148313,66.8220713300574,4.219800870882537,C,0
57.14000494092092,34.70385593994108,123.00150551944489,6.33057490403904,B,0
54.73237624573545,25.087563032308452,78.64064271324783,3.8032113535736887,B,0
49.271710873431275,28.876834250014877,96.00021506148377,5.893697689389111,C,1
41.532062819315954,32.75026049512276,93.56133369552008,5.892953870108769,B,0
34.851527753141355,25.158277725681824,108.8282990465608,6.829620201716088,A,1
45.53485047932979,30.5268775307298,76.02813472174378,4.590313407370503,C,1
58.56398794323472,23.329872525408977,106.93258999122914,5.712322159580162,B,0
52.14093744130204,26.99316178024393,130.36464434930278,7.281651836538843,A,1
37.542612212880115,31.598909670712686,79.55238993110784,4.3823583230663035,C,0
51.73180925851182,22.035031332341653,102.84559251415594,3.4649597524676405,A,1
53.85317379728837,32.202373689801995,90.07026733305086,3.1199899660922363,A,1
41.16142563798867,29.901811005366593,106.38830809289554,5.712712028861331,A,0
51.53725105945528,32.76244977208574,100.28721666123629,3.116849791941416,B,1
50.58208718446,31.119570670323306,90.37769636433535,4.627680947062077,C,1
38.57029702169377,36.82070214986922,107.3180842730661,5.437313187038961,C,0
53.577873603482836,30.626122513239537,127.06522164680115,5.185175536829914,B,1
55.60784526368234,27.852972294373735,97.13644312409052,5.425444864184172,C,1
60.830512431752766,30.611487515161418,110.79636913222274,5.222289855800854,A,0
60.53802052034903,32.716490145181936,80.60090563193255,6.278865813313393,C,0
36.22330632042909,30.24430035162852,85.65345434772986,4.047683619261203,B,1
40.62174960084877,30.202958456019413,107.08609416820566,4.3230048615414685,A,1
55.1503526720866,26.490041560966223,122.26174042803947,4.227340554729176,B,1
55.13785950912209,26.68549541224526,105.3342002317849,5.83019181186261,A,0
55.150476863060476,22.986973641001534,95.30412954215268,5.900398588395063,A,1
88.52731490654722,38.7478837159347,99.98937108135031,5.4512253193185085,C,1
55.70890510693167,23.780683823043574,81.24388399045424,6.183493666889928,A,1
61.35565640180599,26.53547401102046,109.0677298953305,3.8219591326236193,B,1
59.54001763493203,26.40796367215401,113.23499593485114,6.667224111551137,C,1
56.51391251305798,34.474621884722204,93.2186450075038,6.523238621712258,B,1
46.84730755359654,28.52525160853986,92.94936778360747,5.7356219972457465,A,0
57.589692204932675,36.23871036336867,103.98817344478073,6.78179890877106,B,0
42.27174785462428,26.63254687878066,93.44920395939107,3.343376792322226,B,1
47.63181393259991,31.39497081111901,99.00801078061266,4.475551863737348,A,1
45.14636452170897,25.823264733701215,131.49582683749773,4.264696539318048,C,0
50.81874139386323,40.72574563886694,96.29461448881005,5.721479323757343,B,0
73.14658566673509,24.062007904852436,94.62489771968167,3.9498592603978544,A,0
31.32734807408252,31.549103551135136,90.28687291547261,5.757495149337485,C,1
56.86260190374514,33.168884404660496,111.16287957249905,6.370536143996714,C,1
33.87284128810349,32.06899548725749,97.28163740172846,5.695202900083999,C,1
45.280681342105666,29.073561705611457,90.25940442517862,5.283751023661501,B,1
60.889505969673664,29.35089650133287,119.81956048409518,4.012126659099251,B,0
50.64280019095463,30.219057359895547,121.29404506770456,4.1531490338746355,B,0
39.22255222070694,29.264989991857558,90.99364651391943,6.249618905296667,C,0
42.84696290740032,34.81939558397455,72.00190072959076,5.779349003905333,B,0
56.79597748934676,41.05261500795676,115.11270534755383,4.960980480622456,A,1
42.69633368282864,27.212541074960832,89.73055261359994,4.582090454234109,B,1
52.16458589581975,23.150985102104613,111.85938398744153,2.974192126888623,B,0
50.45571839903814,29.558589758243727,70.44844273432247,3.9291475813155614,C,0
43.483996523941826,42.898546688271594,113.38896007448963,6.911419087139723,B,0
71.43944089325325,25.981627160151348,81.83242106078828,3.7195444289975335,A,0
56.33919022318011,38.195584027220335,110.96146178599787,5.189479821221081,C,0
29.74857413342393,38.388504070382204,100.21409601754651,6.0074439731951985,A,1
51.86454314769428,27.232058791460027,85.69090870905033,3.7450773319977078,C,1
43.38213535231612,32.84491539592638,93.8944553060983,5.184710474781084,C,0
58.52433334796224,38.14198311564269,110.29477685435052,5.937915537510655,B,0
42.07479261567299,28.104361295062564,101.58841679672851,5.01249932190725,A,0
48.85263558533101,28.982098199488192,108.76619470708727,7.868403055666768,C,1
55.049872789804574,27.09159543025678,129.6466087677323,3.3314007411218047,B,1
58.657551941701215,24.926216346535668,76.53637582433423,6.058728529883879,C,1
37.997035929442234,26.753612274669965,124.25818862452937,4.8271982626035355,C,0
46.654987641590516,23.880298666188718,101.5653390628482,5.771920154836675,C,1
45.25054688839044,30.17041734129613,86.51823927515308,5.441307151699246,C,0
43.46670767426288,26.15013384470679,80.04529561391516,4.266843802890003,C,1
67.65454240281096,31.16892955895374,97.1631941383445,5.22899639245934,C,1
54.049817109609556,22.220521768981865,113.82475167886689,3.142098548601713,B,1
37.391160456649544,31.654401161072286,98.08676319433698,5.603247500571394,C,0
59.17861947054776,34.16764480804462,122.66732395371021,5.298158465990525,A,0
71.22156197012633,20.031321787142723,78.23236464922661,5.638660168643103,B,1
60.32465260551147,31.87028284923786,99.81866578230918,6.05811832508715,A,0
34.80630034045987,36.13834496236646,81.21409833380321,5.367619840209711,C,0
45.15765927133749,23.951794906543974,105.45447823937452,5.148089419798276,A,0
62.669111491866225,38.362861934188516,113.3033108514595,4.118931663338707,C,0
42.92330534381219,32.095095046830224,93.6885730947842,4.287779236350949,C,0
54.43819428146229,26.474940721207957,60.936792150592986,6.186734620177331,B,0
57.74634053429337,29.72115461171147,102.98422220194742,6.436335405705979,B,0
40.730695284219166,32.791634562608614,106.55107827600264,4.761889563687946,C,1
49.404746439382,30.380026957062057,106.06442132442547,5.046002747253274,B,0
17.58732659930927,32.693779962231844,118.53673287733231,4.095385625006234,A,0
39.756123586657104,25.39663203460317,83.93419480526427,6.172756845267445,B,1
47.4743184860684,30.84680412018039,110.20324158175674,5.665416823691778,B,1
37.52216818035151,22.9314275154751,117.88761268716962,6.941217436463749,A,1
66.32411303931636,29.4438696932565,73.32118623990225,4.121676922820261,B,1
35.69858622039367,25.480461792676053,104.79477738878465,4.621992100981783,C,0
45.599555133030165,26.322350287051165,92.43730253488492,5.231445922525572,A,1
51.30740577286091,36.18046587605219,98.77715990347531,5.6464895377257704,C,1
64.41273289066116,35.45655060297135,105.21514725307505,4.784332362452368,A,0
35.6413784882056,33.045690604535885,92.69157153829671,4.127038909546299,C,0
61.63163752154959,24.538436176637106,89.86437881257582,5.881407528923571,C,0
50.10233061019587,28.41795775152599,100.51228626232037,5.721135362545581,B,1
40.18491348952049,36.06548849989592,83.69131091705796,4.083725899436275,C,0
54.62103474263271,30.708584568199523,83.71262306672222,6.355442801105496,B,1
51.9905969557347,41.59664769990847,110.19059924434755,6.170198709196604,A,0
43.99783122841205,31.96658919697186,82.76808947262016,5.134296497247793,C,0
50.69802084990019,30.960245582450156,109.99468751363818,5.079597862376036,C,1
46.1468640313824,28.454417678987493,106.93886939280927,5.554057771115907,A,0
51.13517345251248,30.66770452391141,74.11289906814105,4.138296929743742,A,0
56.62130674521047,29.23765081809728,89.83653021496517,5.030031479164082,C,0
65.86016816145352,33.54054338344295,117.91164104571058,2.8476164553908196,A,0
37.62184501173151,34.783511583972924,85.28251703290478,5.8764556455029355,B,0
71.33033374656267,26.070052697460252,93.03393606535919,3.438506777558141,A,1
30.479122004774982,23.34383523221111,106.93091339877844,6.503419828428999,A,1
48.482149049644164,20.818973134483517,111.75085763923893,4.669879906033549,C,0
55.883172064845766,32.53995663456272,96.22691670933257,4.7883330180688235,B,1
52.809918677350325,24.483166969130632,91.03734707962538,4.372266093915495,A,1
43.77300480179406,19.235547035237587,121.33554792547761,4.711961126077924,B,1
47.918777496427246,31.942893022654822,126.08349495696368,6.418531345148036,B,0
45.06999065341167,42.46499758716395,114.68287076172693,2.5121913434649206,B,0
44.106352430557884,29.969645442300532,101.27977213847537,6.276965386088188,C,0
58.496020970210246,34.19245387225821,87.8760141753861,5.338023481101708,A,1
53.57015485965047,30.409146792737825,87.54333390165152,3.7929783521427844,C,1
43.070904047393455,29.505551734044285,107.83771157898636,3.924687606950762,A,0
58.995998754332504,34.59538241493884,106.27597331333025,6.676393027208203,A,0
53.072995208766095,28.548627279056742,121.02397889419645,4.054493120057269,C,1
58.1286211883896,31.336961570359513,109.75675138804209,3.8466494894040406,B,1
56.29628841923612,31.608489030980067,77.45379547360272,6.137314542364729,B,0
41.710049890779274,26.659547731784755,115.77921426584378,5.338552876285914,A,1
44.39818959803031,34.960211747682614,85.0290905902838,4.062074423463601,C,1
57.472936051232615,29.125201216522957,94.24043092071473,5.216624975404619,B,1
56.10370265433465,26.221274202535778,103.75300309377542,3.9742473163597225,B,1
49.79098406035852,32.68254921785202,129.93501234675946,6.100821398422605,A,1
51.17327383308782,25.507660091044812,146.6487783400804,6.0613709648731335,A,1
62.77664895788425,30.140905786845643,109.10084588704274,5.532006198821943,C,1
44.0842861116417,29.95440501677898,97.25205071919419,5.361661061247016,A,0
55.470973811700375,35.42947782915789,108.01758472720826,6.761188124867374,B,0
47.97807347566106,32.373491164399766,113.31483138810754,4.9996863273882255,B,1
47.8231879677278,29.87486520627428,95.18998561664212,3.8181258745791986,B,1
60.9877685198719,34.08883149600143,126.92817033868484,5.449473912832307,B,1
58.2541634898803,36.951037745086566,103.45106138787104,7.086047049537114,C,0
58.135096360006386,32.78905153175931,107.46614633637091,3.985240506814148,C,0
63.05478807154329,30.051763099216902,109.98886378081693,4.638537233306014,A,1
50.21003841632759,23.4408188382492,106.32379915921683,5.416446038101452,A,0
56.81952971294964,24.674431684623137,112.58410750704418,4.946095150994261,A,1
46.89733243406544,28.47387647822666,90.74120220179616,4.017696419622686,C,1
53.24166352488442,26.952438989203586,91.62547369080954,6.121857856230471,B,1
48.698569456323156,29.06514348507277,83.49768650542458,7.320040722017259,A,1
50.96995964992718,30.283249624485535,106.59251845930339,5.196131459023907,B,1
55.95157025436914,32.64846377178365,111.6840475526817,4.095931710264,A,1
41.81779316766527,29.647506109704544,106.86659299227829,3.451039474946525,A,1
70.9238727568546,32.43250821913101,125.11738650021306,5.257975981221181,A,0
39.93982618500298,30.3223720740506,99.9160597175643,6.103877343316258,A,1
37.85811387212268,20.12266716823064,110.03112483388769,5.475167746495382,A,0
61.581108735000676,25.303323030906228,83.62448685791028,4.997596159081146,B,1
57.91662693962936,29.279562221391924,94.19350446288398,4.410728348210694,A,1
56.24119817052155,23.95152628579446,110.43306636348666,3.9078363672819103,B,0
56.2834550926428,32.999643649981024,112.73653166114715,5.8347513263248825,C,0
49.87753227153085,37.65375416171849,95.59049578503726,5.913771621385585,A,1
41.02745628514168,36.09380925848659,98.92601122212899,3.454270213309267,B,0
50.75804558193726,28.93278564534896,77.23189379978785,6.589838978180683,C,1
43.22838288487888,37.45363068424976,94.64456198790086,5.574071220894002,C,1
59.75119733417751,30.743337286010558,113.35574745279679,6.399594645145793,C,0
48.52942618497861,28.314570144409803,108.6280752415985,3.6578722515148847,B,0
41.745028032074885,26.9329866822953,107.50998582071814,3.6341758445845613,A,0
46.78614158347007,28.487651567559357,100.7466053077144,4.851030690232703,A,0
54.12931454275624,28.059115907293858,100.10594737942264,5.502784426895194,B,1
44.36275447196025,30.85208111187744,90.09518290789829,6.796360822926964,A,0
41.77779604433569,30.802869905249324,110.48242630303803,5.706078913815132,B,0
52.436872114919126,30.015230100767074,106.31459416584084,4.757318723187967,A,0
52.44966571108723,32.18469084873175,107.380282719892,3.9736307923341077,C,0
44.9305682462887,35.95323137393171,92.1094773599863,6.23000057271915,A,0
45.289616943816775,34.74777067720662,67.69985620193134,4.035294574249285,B,1
52.32049937357636,22.575510157750482,116.45729067630543,6.628468554772322,B,1
35.51915658502676,17.230394325490224,92.81743815987394,4.715615350393491,C,0
35.92536225623445,34.67159955619637,87.0583635393532,6.590582072617851,B,0
42.81555778747564,23.165606507922895,110.4021836787099,5.678931290059278,A,1
47.86552848288153,28.87617299053658,94.11981040121306,4.863004510557542,A,0
53.10907565598005,24.149434869703203,115.89904576069932,4.480603628173873,C,1
64.75356216949552,20.9900978120999,109.25508924365046,4.65909212265392,B,1
58.576596232020194,32.70731364102394,110.25353984800716,5.428316692375238,C,0
48.40061470036573,33.79577580151324,79.51066433199199,5.077156496217717,A,1
49.80983792097311,27.1174479963664,118.179159780796,4.406188591931295,C,0
39.97470635362191,17.04478853927545,103.91875796850785,4.834368589682367,B,0
49.8148686400761,27.268777758737585,94.46084291130695,5.07857702971915,C,1
47.11341361079862,31.959020027012734,102.15082701013377,2.871265905585188,B,1
53.227185603380896,22.605442156129357,73.3564715065252,5.458168114788698,B,0
41.727690564476774,30.91679959889578,106.12979217221006,4.020278775283193,A,1
55.193465142411725,29.923450754135022,84.55942737726893,3.846667596794255,A,0
65.32738913002578,32.89645749800544,79.70994571234698,3.3126556528892896,A,1
48.91239851543143,30.597901842070765,77.16461220673163,3.2061075021321095,B,1
54.01711722098941,25.13465529559222,116.69032562484888,3.6445524968877105,C,0
56.90143991711113,35.982857508322454,90.56104909460817,4.29097904236951,B,0
45.987795281141636,29.20735213486515,123.00591564874749,6.953259137526568,A,0
52.24092481810417,29.86347730245034,91.96297805421554,4.474120324104796,A,1
50.12592400781795,25.333660204634022,74.3896306361058,5.177750106268031,C,0
50.97676098548832,27.783588744042447,83.2521334007701,5.400481386506328,A,0
42.26990216144534,25.575986429865495,118.53717430010408,5.1310651862158485,A,1
50.245101742589426,29.135269700382885,97.66152733095,4.922556539274006,A,1
54.979982912454496,38.558542400711715,91.77569055264098,3.8047062364007553,C,0
64.51143607795042,23.140494285343216,102.40027338779181,6.450927548279212,B,0
59.59270826085207,21.932193010616295,107.52674104251318,6.8071966436378855,A,0
71.53182457511556,37.35585163746804,116.76098223853691,3.3173413058773145,C,0
42.326524371119504,28.95338161424067,121.7274884483939,3.9759714091136207,A,1
58.723206367206785,26.654636306700418,94.60347031316371,4.720189657622994,C,1
51.83342005738352,35.199523436980385,80.10928470876942,4.035462205089809,A,0
71.89802933217672,26.97192230131568,93.79802258315085,5.505965553455865,C,0
41.91701714644849,39.13004856773468,103.9042075987433,4.271727797593387,A,0
41.602781578192236,33.38962935669635,85.54361610684083,7.165056067806603,B,1
44.00607354555978,27.560442959271487,85.64273627657435,6.190548594343596,A,0
28.76104275690193,40.786541066327516,105.15681822324828,5.212574030632215,C,0
44.74244978319239,26.97142538498331,99.27021472644323,6.026986263319732,A,1
42.40867338446302,33.71047686004653,100.4919549311738,6.1059004243573085,B,1
51.50393786476208,31.49646290203246,88.62256997949896,4.436052511941757,A,0
53.41755975777159,36.50870644699399,96.54398928691349,4.183782755458036,C,0
68.76170839215887,37.807555983634266,86.13650283597543,5.078143062969647,C,1
59.5042383818605,30.160020745328833,113.3529761668718,5.861636124497944,B,0
44.23096344337597,26.232910648269083,115.52874002085629,5.139060398653418,C,0
41.01585328651642,32.29986071469558,72.3071820664286,3.423003517809003,A,1
54.919191715065054,26.61142315123947,86.05733709711384,4.1971755560491575,A,1
36.797667929793576,40.066936237633115,77.55206117364881,4.926027136405622,A,1
68.31458765854353,30.682676655413687,90.24964098389653,4.92433439567417,C,0
61.79440120721287,28.173392243439455,98.74843045314459,6.972542176789808,A,1
45.30824347895295,30.923401529324543,78.25532170452205,3.614012057601002,A,1
32.868654709091224,23.264368552351517,86.1721028031203,5.5055892418358745,A,0
63.538723741654124,25.141929807446743,84.94063941877752,6.48911310832829,B,0
48.85460154747382,36.00206953972213,103.10900994098417,7.271449745422796,C,1
62.378163119734616,26.71552860514302,101.04016505554375,4.595602576816039,C,1
34.05572341205633,24.7654450865903,89.1739366999412,5.4914294527202,C,0
44.00624977046227,32.68326376263643,102.65231308209097,5.569760357198647,B,0
50.05243699718183,35.928520773314986,91.79979873119102,5.195481731553291,C,1
50.46980593764742,33.594766553325336,95.9251733451092,4.901154798760694,B,1
45.49934528520756,34.98023842902908,125.10178135447805,5.4359753895000456,B,0
56.228499323474985,26.216024557152696,120.10691577685522,2.4677539147803147,C,1
39.32379570617405,22.89094666629078,80.50628144608604,5.682069490062632,A,0
48.576205149787064,37.506668259777435,112.44598626818762,5.126177903661967,A,1
51.20295631711899,28.38660080578932,112.17094831737388,4.777525103221735,C,0
55.14438834058749,28.745834917724764,82.77605066871072,7.046862195719558,C,0
57.1161487808889,36.64097070924529,112.2816646563229,4.325065981209447,B,1
38.75357908162131,32.7811500470033,123.06897877618829,4.596924010934969,C,1
34.65885829264378,32.279438860408035,83.1618279063338,6.991553302204734,B,0
62.77676821898509,40.825011724505416,86.23745768478605,4.167938695150143,C,1
53.323140119795916,26.782408848099287,115.26492200265254,4.449884717063461,A,1
42.51513463443446,34.63920064040619,104.07242966238472,4.85297457656915,A,1
65.51151975522524,30.285065624485423,108.27214412859286,5.840734482129549,C,0
51.156746342928585,31.342961394316283,105.10883824600745,5.207802507353313,B,1
61.792971840638266,37.64234213206266,105.86043881392216,3.7073746528477374,A,1
50.67518481410109,32.53917878144812,80.10291807533375,4.46783143687281,B,0
70.60747924881987,32.69148039524816,115.70976559932173,4.392645566787788,C,1
67.55340842443204,35.362536686549014,117.54384988641661,4.9227789547769545,C,1
47.51035851520926,28.175236352285573,96.55913883897958,5.425843658629829,A,0
59.71570950954356,25.803951663304968,99.34784575279207,5.418205755887972,C,0
56.45375949585147,24.775954029894834,77.03338746166418,3.223988245951598,A,1
63.68631557532349,20.16821705311999,107.71382134026753,6.063940987560856,B,1
40.35076539419896,40.28103564970161,108.58086162571216,5.252568845996623,A,0
56.86051459998439,24.483958171391585,99.06713474501034,6.384532047593906,A,0
60.58424486849588,28.89373188207114,116.86530039805754,5.444198327290672,B,1
32.41260513576886,28.615933500555396,94.98884153530089,6.101322957735762,A,1
38.16741487334225,31.537033489045506,108.469088888404,5.466545311450127,A,1
29.607678222398995,34.078686062696484,84.70503491961827,6.346225756202748,C,0
47.305931655554424,34.30236744179873,99.64671773688643,5.5222506360177785,B,1
57.17542255795962,27.08461280715531,97.38468613145746,4.902084753557096,A,0
65.02357052096028,29.164391431067944,103.37961883061412,7.272434720446881,B,0
50.74094780419775,31.412899752441497,94.45709606749962,5.889037122279892,B,0
66.28615545571292,28.756544369082263,98.02791106492498,5.573744421004413,A,1
36.198985417851084,38.03672788009996,112.3907075716226,3.723695583461664,C,1
32.96617560644845,32.45487475819126,93.44853644142674,3.7116923825364623,B,1
49.44452301103381,33.67438893024909,75.9013434889198,5.292715482141853,A,0
53.840654489393074,33.31440634333706,126.24375856308131,5.1455211977682405,B,1
49.67305251905907,35.86736928742663,120.72181118035729,4.385877434991684,C,0
29.325578999601234,30.905107793518535,80.61605957341573,5.14098269961206,C,0
49.10879960487212,23.515840260220767,110.34561707867792,6.588626928043595,C,0
36.95530499495147,31.998439758763208,92.45537844172985,5.695402474550299,A,0
56.69672548830039,26.743215531040853,103.9523082299659,3.858991490247262,A,0
53.66598246096848,27.356916591251217,104.4133619352024,4.888491172857056,C,0
40.60120213672645,32.931820093775464,96.48388299525517,4.195033519147439,A,1
44.861330826633065,36.19141535716818,88.24351501620406,4.612300083591439,C,0
39.40786478111048,30.106357883680307,89.64188421525611,4.586384334370357,A,1
49.37320902726828,31.544165062994818,86.25712126778136,4.522354417395995,C,0
59.551423205012384,38.51107472317619,87.52266687654333,3.744864628026605,B,1
40.14273953664456,31.203765897442842,98.99232564925967,4.87234531848181,C,1
55.040465155178445,43.008415570901974,89.26360016333872,4.43939236315269,C,1
44.69742381627559,32.827548228157724,110.2307809856893,2.070551309997732,A,1
42.07127167737656,21.19618620422091,122.30869233003891,7.052972024501663,A,0
48.929696400454425,33.76670810552266,91.29920137944936,6.088769654216672,A,0
39.64757677580626,31.90579192441389,103.59106750803066,4.623699275075004,A,0
44.46350694652818,36.44876377041373,107.495276654544,5.018819049740598,A,0
38.021221074111516,33.365906756349794,107.08003406378911,3.8283456526824384,A,1
69.6472513291639,29.307720080081133,101.13932901874131,6.695722877810866,B,1
50.35263551971729,23.878508818553172,111.14023627539584,6.897288694773112,C,1
43.00274492007414,28.954883713569874,107.23373429020985,5.156693728246525,C,0
52.13979910734222,25.7473977289535,81.43506366509052,6.023530644185344,C,1
48.8767195030917,27.097382750976386,113.03734096583909,5.175286778933923,B,0
47.79030400466777,32.942892022103045,113.30936255900113,3.6632745611240694,C,1
56.14166700043425,38.34952252175703,88.55070843732128,4.588176631036343,B,1
57.57507710047305,31.973357649114906,100.56906753171403,5.131927966771957,B,1
44.69498852389472,24.020584689824076,110.24993489216604,4.545452281256556,B,1
44.2418175935532,32.2230133411007,96.86029270630958,4.781346722564964,C,1
47.24948302848356,35.98315743322826,116.09467071649019,4.908600442490886,B,0
26.98078835264415,26.95108547840309,135.45808741929042,4.919121502134539,C,1
34.84808937801448,29.32991416663541,88.21020951047527,5.052258490497483,C,0
63.66874267444525,30.073440973645987,79.28433095269338,3.939394933603399,A,0
66.44967713501283,26.075508434588798,104.55727893407314,4.282983850872064,A,0
47.50963960443622,33.2414021692193,110.82343757689215,3.7154157343000307,B,0
55.765569630557664,29.395259256961094,96.53700439232847,5.9778155496862,B,0
53.112501545435364,32.09766221953514,121.79890994981551,2.8943530581596755,C,0
80.78880808455239,25.562539110989498,79.92091300415126,6.1535903433169254,B,0
61.195749114345766,27.812708498382946,110.39377934547417,6.386349397262843,B,0
48.72082408519233,33.61190678913886,90.9120876886166,4.6978194130173785,C,1
40.44459559399574,28.135834239541165,125.79066859310944,2.3968629121727014,B,1
33.93553679742428,38.63481925616703,129.88773029752178,4.63868943803271,B,0
52.03463635867223,28.001819071926988,88.50015118324978,4.93581583871118,C,0
42.436492547156966,31.12342362875943,91.7566429613713,3.989401780071087,C,0
35.77746290402326,34.66295415936545,112.89381830469702,4.484781606191757,A,1
43.534271157574736,22.908171335334842,94.19304025315728,6.5301951988633515,C,1
39.18451996385605,21.19595594009612,99.31883173101643,5.6649271623017405,A,0
66.87141635072564,22.371718427149524,100.38082630813615,4.0754358856219,B,0
58.816397569494505,36.31292051713591,71.20490265703515,3.402400830404568,C,1
49.92027358683383,27.240709270537767,99.79243380858644,4.672982682390229,C,1
64.79944138890026,42.79099642834126,89.6540833890374,4.786543220649562,C,0
50.77368307647618,27.178762006713058,92.60315766400342,5.496199187363317,B,0
41.38715798671736,30.922756515985185,121.65448005203221,4.464683287432341,A,0
65.23124077269657,37.71054976283938,81.15239658581115,5.511499575361862,B,0
55.38910043684659,40.03046444079561,112.19807780121965,6.93515404006023,B,1
39.62753845673544,40.30751788318199,95.81555604502287,5.815501022444263,C,1
48.09661321916392,36.04183115296571,95.80359747256249,4.951911492669227,A,0
41.24381746615243,35.12031262905731,111.85557844077567,4.8168495289467055,B,0
36.172002690356635,32.96263474600592,105.10076941853336,4.6433268658201285,C,0
59.26177547531641,33.89180538083319,108.55919495829296,6.180640912452144,B,1
69.0941664047013,27.244071418357333,114.52276990799291,4.372686554048697,B,0
36.01432426180859,25.909005582888465,95.03037425225016,5.045222708999982,C,0
55.62969236690571,29.98312771294524,90.81644898238375,5.0511979018810855,C,0
43.49357430878173,29.149076887375358,83.72274210163303,4.498215807188468,A,1
45.12874616235304,27.733859753363625,87.61884205031568,3.627534452115899,B,0
44.07606075761131,33.481937237283574,144.2364163796309,5.322974503617668,C,1
41.36009230320184,34.77652604285255,118.67019371105181,4.938996028144617,C,0
50.48521627944827,30.442034431459238,79.73388450687968,5.500240469436569,A,0
41.69049883588962,37.38765040527631,80.16313064884645,4.466399693560833,A,0
52.704568257798385,24.291554429332475,107.22799092577738,6.220821298813048,C,1
49.49761890550863,29.03170270360141,108.2089719606695,4.123226218788155,A,0
47.6105195313359,26.415888396985977,108.23325752976046,6.712040284017893,C,0
40.92436337958402,20.6673169146347,96.17566309669454,3.2523634901717386,B,1
44.23228669431667,29.586596570786504,98.1181860999565,5.434770064556891,A,1
57.55391225825756,29.39126245808358,104.91819286239036,5.475430682526623,B,1
55.009171876243805,37.567248716210656,101.28839509439996,4.204442932059118,B,0
40.22444755201449,33.154058422773886,66.71049440878697,5.424393937861012,B,1
50.99332305429226,24.879065878353977,96.55300554137209,6.279518669760159,C,0
57.51387123371789,39.27046283167094,87.22890348609529,2.7831811606459356,B,1
33.305947188786284,36.10516847762676,102.62817128362768,5.5027448074908145,B,1
55.43360192379935,32.910488517343076,144.77888503905115,2.5067291796699225,B,1
43.37376241054153,28.86757950575084,105.51222498211456,4.034335196476792,C,0
55.70598668593159,25.202803816382602,95.29705470741403,6.629166364900945,B,0
42.367408434574834,28.138966119644735,113.82702252965878,4.418217966607946,B,0
31.95117899335481,35.443743098520926,107.24031830813819,3.8261200355910274,A,0
33.72457562116837,39.42293152967304,106.30141735677762,4.802062271015318,C,0
50.48084946661382,37.71621764136094,109.10275889823507,7.067906338163552,B,0
52.59722501721482,27.55575289106863,130.84815347244313,3.168317752793974,A,0
40.956833748955916,24.401912833554945,83.03667347011127,3.9486900883606557,C,0
56.38592458777374,30.70443123455602,107.10448115217181,6.497431683179626,C,0
33.3847993773104,21.157803172185744,86.10428305027692,6.857702343537732,C,1
49.33920201352684,31.615838570923906,108.33268969513372,4.896568775709716,C,1
37.889838002375434,29.261987068506656,86.21970232770859,3.7609472974733578,C,0
43.48163892197841,27.66981749065879,93.73949779592374,7.095843501809159,C,0
50.47398671316414,22.02648466366602,95.5736512864314,6.5944423917491966,B,0
41.39586634716048,32.568000532848586,114.63725079017064,5.678946987762233,B,0
46.154444557701744,27.336495801690443,113.7768166591362,4.18759765106258,B,1
60.0629280921444,24.15041582144856,81.31423935330423,4.950970659161963,B,1
44.23108130476851,15.638688933591753,100.82401166499773,4.839639918955169,A,0
58.35692112065142,29.862425474746818,89.3563021787624,5.330851304615578,B,1
38.702931453423815,38.86125798334872,81.12242633986997,6.451001438131336,C,1
55.298041779152825,38.30629607273935,96.74474424363444,5.879417041137403,B,0
64.41568620657901,27.714518717068643,95.37275817316271,3.9226239230152418,B,0
25.283554998727105,26.988939698191096,136.40074729518284,6.376496450019538,C,0
42.03104744529523,32.34387128037512,106.49439738041045,5.313132140013155,B,0
55.7707212718054,25.008072804058543,79.33573748868645,5.687065795858916,B,1
47.96954613957007,31.50895949909733,91.52838993743586,6.466540859278603,B,0
53.71145873371309,33.83040139192345,115.32074943144097,3.888419750486449,A,1
43.960148132841795,36.13466611942154,131.32664159304886,4.964174421293537,B,0
50.865897874729,29.499229617600236,76.21025031643063,4.468545448640785,C,1
48.44322764607921,28.98163124911517,71.80113422291433,3.432140574634544,C,0
61.67782061659807,25.610087066217194,128.06447763057673,5.34670997760492,B,0
52.54420843301213,25.8655982298007,105.84421266056356,7.511556551584423,B,1
53.37602662075202,28.867605540492367,86.9756090218545,3.159922255494247,B,1
45.881230338775325,31.83682753408089,108.01943629183653,4.967719388950529,C,1
45.123937759275066,34.567923131166246,60.463783914746834,5.640542935074773,C,0
45.67441812180379,25.984105246598276,100.05063259895742,5.123078201656181,A,1
53.944521423782966,37.46344284479761,104.91731759264628,4.886871947484259,A,1
45.79015519179737,28.644381994787157,113.86405209306744,3.700783636554176,A,1
52.89774856896413,29.89316352825782,84.79156071561194,5.2327867429401635,C,1
70.75400798645438,26.263941604260882,101.28530742105039,4.243236022984074,A,1
58.711247034316926,17.878798698635293,86.11863060910619,2.8100782950214467,B,1
46.73976467832159,34.42022698180525,103.83075633511476,6.194592220513731,B,1
62.012139221639444,33.684219485462165,86.56980516455464,5.958385819842042,C,1
45.91924626978449,28.593362214408934,93.87848741259668,5.05166097685108,A,1
29.61875464822146,30.33495358612436,85.06276907814656,5.229074688205703,B,0
39.91913689082596,32.5796960885205,109.76704362735485,6.074318012715562,C,0
31.292080789741444,22.187270715567287,112.87676674984998,5.224339656778082,A,1
46.48486515958692,27.354736613268525,96.48069145063879,5.904017554761315,B,0
50.184183791895514,33.971323398109135,100.57356992440043,4.7025177991261495,A,0
66.76437312275283,23.728552884153753,78.27112878049684,6.311983738573947,C,1
53.269273737641626,31.467789660833148,95.50485027989819,5.320785725932684,A,1
47.80899471191136,23.217090976882975,99.24693074437383,5.194051943605874,C,1
58.294055811834895,32.33214991216763,139.31189636544963,3.729938911287968,A,1
27.88864690992115,29.821792588512583,83.32049461338755,5.286955854301708,B,1
52.356145581085656,21.924340920472453,121.96265858128656,4.168045082505548,C,1
57.708651938869664,35.82369677228586,114.95288160198712,4.3617172734715055,C,0
35.214137542201584,26.327042116009753,104.20954606735205,4.184624371683879,C,1
61.43754043206929,25.948737814928094,126.379307262927,3.933765068100775,A,0
53.38496407494414,31.002845986154714,105.58158208910294,7.124771403016961,A,1
45.847120860991986,35.743186747143575,105.83738793501894,6.331339061988404,B,1
56.32781866106285,24.920890905108017,99.20319020473681,6.920367502144261,C,0
72.70692857804396,30.30839924923986,118.35353323627942,3.7771049804444363,C,1
51.81866255058495,32.14408250165287,116.44703850716326,5.071253749910892,A,1
52.48220586300336,33.46552803631572,90.6148406875568,3.7064923747959044,A,0
45.40639100459756,30.882207776386124,80.21129208101848,4.304305122802936,B,1
41.50155630535208,28.164860804583387,96.95529043906514,4.081873016583425,B,0
58.303358165442454,25.862048896756402,87.9994215340353,6.239584006441562,A,1
41.43916174091133,30.430719415231874,99.04713138076967,4.60377032189824,C,1
50.715662372193925,24.639304940071966,118.56157202026209,6.068379333694017,B,0
45.223425532348834,15.393247582526964,93.14047517369815,5.604120889588518,A,1
54.78979825746392,32.18279902078834,99.35764928032637,7.3036387521047885,A,0
53.33662105286948,34.519674205430974,100.87034102212593,3.520555776860276,C,0
60.375399442578995,18.18533782229081,112.72646323307927,6.2592332397867985,A,0
44.89983601145253,24.95134647645031,66.29665999023092,6.146440870400728,A,1
47.30125064706629,33.09577130502599,90.89949557852054,4.026621161972965,B,1
40.21236284217693,40.2874773485585,103.16925538419208,6.00713333647316,A,0
45.55706739923888,30.10396853837704,118.00118434640292,5.3361449630262285,A,1
53.77300493044852,26.35998529385433,92.62146328740693,4.7725237400465925,B,1
57.56988616645352,29.0855177944758,71.85170940937189,4.176064513028001,C,1
40.77834675822375,36.87438209574093,109.29567168949204,4.280890548550814,C,0
58.6960592010566,26.770179104377323,90.46956416761556,7.049812095785926,B,1
63.55637858804951,26.00403996674873,82.15500011364458,5.000682818957483,B,0
54.13434903223701,27.58628238908984,90.63481915430164,5.782130001531459,C,1
68.76795812558066,25.233356958706437,97.23211963516226,4.209100618332447,C,1
42.26210800896427,30.613351579973976,90.92883003192681,4.220147053778361,C,0
37.55345296688583,38.1233922923478,66.91650914351396,6.081984809249942,C,1
32.212797510957216,31.615396365580146,113.45599295330697,3.650423788448468,C,0
64.96044311489183,28.738232489368563,119.12312561918083,4.584786232094729,B,1
56.54365656354058,28.54094365542228,109.77282987009258,5.034027411072232,A,0
49.44415329089545,22.184045956516716,82.93471494362775,5.111372601840053,C,1
52.799686263198204,34.415548885735795,96.97762699078723,4.820906714983844,C,1
38.74510952701623,29.61081401493599,99.90218027155812,5.395819781095923,A,1
74.45751979616827,29.09760043204687,108.98191584342865,5.692855755817812,A,0
51.292211819752275,45.965537839224304,110.02510733077122,5.73463754545933,A,0
51.09394794604893,31.49376454182843,88.98739301832256,4.014196191332173,A,0
57.25766623898692,26.24104474952408,101.22993334620341,4.715844902071203,A,1
54.810092317367136,27.868212018972283,106.85920606922862,6.194762861876938,A,0
52.23884024279131,35.74222854598378,121.83733483220149,5.894647187573872,B,0
42.09525544554688,30.56635205268882,110.56759809737085,3.627140548518936,A,0
54.714683571359956,22.808610108413166,111.83585031063278,5.351479900352202,A,0
68.82024496475034,34.596144672876015,101.25739941894041,3.0217747506251897,B,0
63.454200461549775,26.65927957230503,121.15688717805256,5.04693490206037,A,0
65.93186626639397,39.366488881087726,106.14644193939246,6.897767016745977,C,0
44.88784323568815,35.40024032857324,87.08368134739644,4.052107282731014,C,0
40.10395179741419,27.763390521706246,121.05054955187786,4.165676954508418,A,0
48.74213079900352,36.40508180867556,110.46854908808541,5.76402978157286,B,0
50.557249122886944,30.339277552637018,93.35433968307277,3.457198484790354,C,1
60.94191518470949,34.263868375611096,92.80760548901135,4.367244970114961,B,1
33.07535370285181,32.42366408647237,104.44863317711143,5.596441137581753,C,0
65.29550319460614,25.768216725045633,106.94777192901377,4.365714152310597,A,1
48.419921014210104,26.78225083841269,102.95938398446809,4.7640300127890285,B,1
45.7311893005258,35.14980408790581,104.66963010164328,5.744185710315034,B,0
39.87895624739832,28.326123339467294,125.49936061864571,5.421546083536561,B,0
33.451433281342304,27.981757683790015,116.07314728352328,5.266818396295402,C,0
58.231705839619146,25.224387103253235,102.85953386897536,4.660877720729961,C,1
50.73317967188404,32.11799532796731,114.11965871151224,5.370061115268955,C,0
37.10039100258946,40.31262459621573,84.5121414470869,4.8762673199002435,A,1
37.04921227936384,24.662335428728635,105.96890574920214,5.457805609925785,C,0
46.64215300709872,30.12109728336379,127.13959524599665,4.503067974882022,A,1
66.69021525289392,37.061102777077146,96.72931156911439,4.817431025620459,B,1
47.40408648636395,29.601793043771423,87.28549107071373,4.010042207447986,B,0
34.96857046881894,32.26185898124867,90.21866667110409,4.964992389993764,A,0
47.54256935914056,24.688032359265602,83.65550443986417,4.188999136371155,C,1
47.27276430252329,32.141535486038244,88.22857137808445,3.885953549838007,A,1
23.031133570584284,29.064278674977256,94.44237852114956,5.258661147855388,B,0
49.45705133482188,34.928649978399314,78.91649471232037,5.21273977585766,B,0
47.69065469791322,35.936930257823754,100.23427500924404,5.782873734948573,A,1
56.96206364813418,42.94781821009307,113.53415760679971,4.568874430424901,C,0
68.48956094945345,32.89816586606788,86.38365729779619,5.408052846836756,C,1
61.26565029547757,31.628981582910832,122.78925885462652,5.550797572273663,A,0
47.31111309445169,30.97192150788668,107.66188132791392,5.444773807831595,A,0
38.934740912583294,28.23416853594656,115.45870878436085,4.174346317197858,C,0
75.7335980324986,31.692419217308455,90.13248169221794,5.149363482271189,B,1
50.59218434014488,28.522992949304854,112.81787840599924,5.364140296054662,A,0
50.13929291912946,30.84230488134807,83.6209914940703,5.007178466907942,C,1
49.758749128899964,36.587987678039795,113.35371251254763,2.9135223416289153,C,0
51.98084760767855,24.967287173601793,102.57759009690297,5.16048962397348,B,1
48.556395880760576,35.699392805645225,108.29876829977175,7.212531039397242,B,1
44.26337993119763,36.58557533669933,82.36608091562722,4.6399607312430176,B,0
44.53141058759608,29.409657365044605,86.57395236585093,4.271922902144679,B,1
49.672467297840015,19.390725504957025,108.95842327380078,5.373348559711398,B,1
44.56575228866235,26.960890064527838,85.77477993663699,5.312378210466572,A,1
42.871542173228356,36.484972732805545,106.94809438148684,6.192735165416415,C,1
51.064302276918966,29.88565968850559,79.49293290309632,3.742131844091112,A,0
47.450227825791444,25.003488838525445,112.72261319000002,5.731380252574993,A,0
65.0399298858269,27.47612539385891,81.51215027847236,5.590422061251464,A,0
23.490301916069882,34.20310013252276,108.28449906519285,4.857853463059454,A,1
60.91506851922462,32.7336678410069,109.38446400469002,5.33868731792169,A,1
62.46085192497629,28.80533950415153,89.54842272355637,6.0294574815983575,B,0
29.266097675918505,28.165877940926563,108.7303985062709,5.87231538002845,B,0
46.573124059196516,28.04120925478089,103.90663395000334,3.8569806879262716,C,1
46.28559134004209,25.387949077507486,91.91737215710893,5.820158186755484,A,0
35.924883052821784,38.07687844734721,84.87167973885688,4.935311394967481,C,0
42.22183312409125,28.3883976539433,70.56061462491131,5.072874098015515,B,1
38.894241545341714,36.085792604127484,105.2447507094954,5.073196991001694,B,0
67.52270443423623,37.60658025961226,76.52795842956917,4.84975701120174,B,1
59.35678393147461,34.9915544907398,101.43016299161962,6.191707497107065,A,0
62.71555094994159,27.841898436409757,96.04827675876626,4.916282040150788,A,1
57.21672064043235,32.018650451683044,110.18714163157293,3.8804538716168313,B,1
38.70948228782771,29.879021968045418,95.46931750765204,4.606470144030271,C,1
44.75479733720226,25.48149069634936,95.05828320479363,5.178694716810476,C,1
54.89374561227918,31.621796408608017,110.97806056432444,6.22921478429705,B,1
37.778721911080545,24.10480104420099,105.02587043626177,5.603094684948833,C,0
57.12998430172388,35.93839694230782,104.74233935774167,4.149464721252956,B,0
47.59674601841865,27.676913513508033,107.03901384712789,7.485189916678891,C,0
46.251791924504026,31.005798279364196,76.96641815189341,5.26477531097798,B,1
57.10959968203491,31.41643935773071,111.35183019980472,6.275390737999015,C,0
54.4426331148604,28.705475131479613,109.18703191020404,4.848285566422771,A,1
46.3903383418092,32.933469007376374,84.74975307135254,5.53335924470545,B,1
61.59329803364248,27.62548171688738,96.33879289488698,5.839468504518405,B,0
39.189366724001026,34.35648648728622,99.41039068558553,6.218194711754256,C,1
56.15935606944264,23.270101598766257,97.98254823397401,6.057368305378225,B,0
55.93101257968384,30.63189789773206,105.00789949852802,5.872197000072978,B,1
46.904535606860094,39.694644995291426,121.47050172746775,4.684913268805891,B,1
53.26133022242118,24.998343376972127,116.22650091509243,4.428253958043939,A,0
37.488864236146966,26.611275147375743,80.31671209852891,5.332607510324197,A,1
59.24027019206901,32.569539248294575,109.33104985459073,5.933128072341069,C,0
48.15097863557011,30.89790890969799,119.93399979303115,4.777279299223393,A,1
44.772769794809605,31.753150496367795,105.80212781033804,6.065171965714386,C,0
60.49009225836889,32.44593565073832,116.3647063777895,6.452616745486179,A,1
42.95656309457241,33.17360734280885,130.18405668551148,4.08367908092658,C,0
35.91538703636441,35.54849920978111,115.35564319160471,4.16307929620372,A,0
34.433708264760966,32.04909328464257,103.73962893462593,4.859624941094664,A,1
56.06009951345639,28.793711726907286,115.6763271112713,5.307612668189196,C,0
37.19570647503717,33.362868506013655,102.17331749645336,4.475432986232949,B,1
67.54794181984364,39.49940967447608,100.35854564927433,6.352202678867144,B,1
29.18070592116278,29.33683126808713,94.72878646429402,5.424066861518451,A,0
66.96456368290038,25.127353476646793,123.45120038248163,5.039447048240739,C,0
52.11017467202618,35.53540334643486,87.72357001086998,3.5640904761314722,B,0
49.032868881296075,29.398094180232007,122.98551587017174,3.684184183572493,C,0
44.550809131910505,19.13665226992982,107.49796185610558,5.281009250281806,B,0
53.991361143520706,34.23710838575211,79.01040737797088,2.867404373845164,C,1
49.62365297575152,27.323359070230385,105.51473939487133,6.012637409644071,A,0
61.03301882016521,29.547333588479198,68.49960238522564,4.84184615562768,C,1
51.142276486620396,31.659901652845072,109.38262025246553,8.243092969594734,B,0
51.50301761461878,30.952498398895333,113.27847224483486,7.307916250616111,A,0
46.36387787786144,33.547259085695195,91.11466066521919,4.818550930752483,C,0
49.43054376278933,27.822568147150783,101.85321543933374,4.893662997468685,B,1
53.07801768892059,32.565528990880416,129.3123615062543,5.99558151400203,A,0
32.89831607343375,28.702266612080415,92.41379943607095,6.703172609918038,C,1
36.518145778942866,33.694052404437514,84.11638619415099,3.361970942563983,B,1
57.43264094022715,33.07683742006527,122.22495103693899,3.213624534645313,C,1
51.708654381279416,25.322806489777022,129.43880785796193,4.377965194445618,C,0
48.16016663647321,35.42991058087516,100.0554350777177,5.582737583173865,A,1
50.184339330653934,27.32018277442976,115.17194553112535,5.496873590507597,A,0
53.47581705361671,34.040288991405724,120.12213873296321,6.06977145498385,B,1
44.60240319690639,31.836436567006704,88.86273651192424,3.8003024716346916,A,0
42.216952745976876,39.190918383975614,92.72041246948197,2.6838561370311234,B,1
51.958452550976816,28.88267008814074,118.46311769732102,5.858014195302145,C,0
40.21627222384968,28.253416019409013,125.27521418062764,4.171803727034765,C,0
54.082527557144715,29.902901970561338,108.44321290261533,2.981512135611362,B,0
32.9741639576216,28.484101085828623,86.80278469746918,5.145063745959382,C,1
60.29155637325644,33.99970950971025,129.80591667549163,5.793175688218677,A,1
54.72597482413043,21.91844695781706,92.03543653282053,4.877942867878723,C,0
52.56029734313876,24.73158790426823,94.97293328242823,4.542151613817511,A,1
59.82690983945514,24.660985392104035,105.13506751734432,4.840637767854093,B,1
66.65474444462576,34.751537959867875,123.31240631072161,4.629417237599217,B,1
60.1437006501813,38.553066862909624,112.80963964828335,3.651952888059833,C,1
31.591257686683548,29.477753907312643,106.22298250542866,4.285319323009568,C,1
37.204230332642986,29.155891384049948,106.9493279517716,5.521279905013815,A,1
43.75181422304321,30.350260815565907,100.65272002965199,5.3216785413765,A,1
50.26091050210834,35.80939151304095,108.37209271777759,5.16805980596682,C,0
55.17659020469123,25.36323432904713,62.05659883458546,4.00485151814662,C,0
42.742561868465344,31.191844913673926,95.55088811395302,4.818496837864333,B,1
51.86766764477078,34.87598814891215,103.61982902375172,2.8229349535571453,B,0
42.44617067646678,32.50547084969923,82.73478874570739,5.17847666388539,B,0
43.884821970080516,30.947908082993717,105.7948497671734,6.428857707813568,C,0
35.93338903151778,35.005230462835705,96.93293168520817,3.5258678679578943,C,1
40.76766753889096,16.483838535003812,126.33213547473235,4.414072326682245,C,1
36.48315394383666,33.38937659765454,123.59529587822284,5.32910677871013,B,1
40.241267470226674,26.72962158436288,93.01291646322755,6.252842634427484,C,1
60.536417966078396,20.846835515717714,97.73743432649957,4.551775383699851,A,1
40.50601111168057,32.556012997624904,98.89078651587411,4.307749670734104,C,0
76.32382064837391,36.86829272581479,93.22510785760566,3.031076857583917,C,1
54.93317900880889,29.31275742686154,102.9253747604219,5.103438129308106,C,0
51.84836123694874,34.76437273601469,88.62576896668615,7.042076040143744,C,1
41.41642219818787,38.06139128994323,83.04076997593711,5.277358461964676,C,0
57.003098794089915,36.57457226792024,109.34066835850403,4.977721020816286,A,1
44.24362173762226,38.199822646856965,109.44294376332716,5.3220823107669855,A,1
51.220098146453616,33.71063745535946,87.93526360510012,4.988907996051398,C,1
75.60084538268795,30.377168194507963,113.430331461439,4.18698562773987,B,1
49.0394010027535,21.990170940514158,90.52633406252002,5.8232799156777055,C,1
61.49273326285676,28.769687559350256,103.79747857056972,5.225761523111754,C,1
42.96823574874112,25.783767023419042,112.30516018918684,5.017613251933657,C,0
49.65011509503038,40.85471358748907,99.49581152944431,4.02463397272175,B,1
67.7080063563551,29.120570937838316,106.82111368211702,6.303507931934759,B,0
43.730329422122324,30.61602403392243,92.25355534168642,5.66470274533311,B,1
68.12448557996929,32.75742688020234,97.05300124857854,4.447079162632698,A,0
57.07751935455475,30.218012231862268,96.91210853679489,6.001824853681937,B,0
44.37533224105732,38.47525520215376,88.80132480189641,4.502429161614793,A,0
56.32407739055521,26.88675319132774,97.34838755326327,4.217996507488963,A,0
59.7255444962673,30.973037276186215,76.7707255170438,4.240296882519713,B,0
56.21809962217196,26.28764707150976,92.63269379286842,3.2289314469119086,B,0
34.297752801095434,23.39988744389647,95.72686759945493,5.471542380418206,B,1
42.728628241751316,26.941154545473573,96.1573037125693,3.16885512166165,A,0
47.52481364448495,29.81481601475794,96.37753831193832,3.7715561687342376,C,1
49.25566570899954,27.8534888774137,99.07353700209806,2.9244119909214668,B,1
56.206720975506784,26.53789510063072,107.19162277129095,4.913930307209107,B,0
51.777010009332535,22.96841268164083,113.11775611198783,4.849679539728128,B,0
36.64655641289899,29.584472136856526,90.25352159727599,4.673303786813636,A,1
53.801978510059634,22.476398129844988,81.95198716916283,3.9574223053294237,A,0
56.10585745283823,33.80027981844801,84.36933381635346,3.82776624656336,C,0
55.5979044793104,30.412198764672517,92.6919561820761,5.464369863546574,B,0
60.807807255546216,22.71224250267535,94.72118023275236,4.449448068291512,A,0
58.33922154548904,28.453954614750682,88.45005900703813,5.3163583215361445,C,0
54.59180079228437,26.239217972047083,80.55825003625158,4.114751313875778,B,0
49.29834288541353,31.5958725520959,93.15818758788717,5.181062742771083,A,0
33.39039066484008,36.702252230115725,102.72139930170957,6.303278037316064,B,1
54.296182191325855,20.624137651771278,108.92544198753347,5.586165800392783,B,0
52.076876871631114,30.575130395737087,91.63865420337518,4.58758618178352,A,1
52.715788371953735,29.199336022166797,93.8050326678485,5.257198970355927,A,1
37.232514241796906,33.35670038225233,86.09952536729034,4.759334825469787,A,1
39.189434595917376,31.065983141188447,99.52841244437835,5.007880184694728,B,1
60.53152853332904,26.240153341305906,87.27357048713777,4.674388947851496,B,0
49.60444846143345,28.40473032166691,108.596917198618,4.835664794114609,C,1
56.81500697372624,26.019870715982556,73.21200262098833,5.2120933530741755,B,1
50.28318376130461,35.38003569299299,94.60555491321307,4.00664130041805,A,1
50.297561394957455,30.10655824335971,104.51661008787613,3.9841211730100214,B,1
59.382838059759976,39.50595342876504,102.75751774483757,3.6114574461687887,C,1
44.83955271782626,29.696695930926897,140.39550495970747,3.39972889549629,C,0
50.96120776940983,26.457966165447687,105.24700036851861,3.782717307779521,A,0
45.377247112949576,22.431428036935863,84.93918104736984,5.159462506804129,A,1
45.65503772567684,20.984301618720274,98.56803629366391,4.107212484508116,C,0
46.908278765313604,22.079320284972553,73.35630499800322,5.513614464231097,C,0
52.22133771633713,31.335633255057417,98.79100376054859,5.034713748752562,C,1
45.212513783365225,32.54362511614967,87.50415914498862,3.0314957865619463,A,1
62.55756125573521,22.094046489839332,113.73085413340243,5.65497558422169,C,1
41.05392697780496,34.475191570380574,91.75689588106698,5.81079864559171,C,0
48.13128355838641,27.5846947415828,98.2485112630713,4.006137325165147,A,1
45.60268941725825,30.733965059927748,90.46663237893395,5.420191542894992,B,0
64.46977884353733,38.06110314127712,126.08277027779997,4.143501762590801,B,0
51.965547765115744,34.48419657932766,95.18135850823133,5.097670376748336,C,0
60.31844539468635,28.657346760470837,127.48835565218803,3.7355015930450346,B,1
35.14439626963028,25.544038872923565,112.212276431774,3.206893547465423,B,0
52.67050265869259,19.240922993353475,107.23100091003079,4.617182810387031,B,1
58.89630795623437,26.4042334037879,105.5309972097628,4.876271053725164,B,1
50.82283989275424,28.944348805861527,105.90695947324377,4.602320306385396,C,1
60.654803750653514,25.06410236424408,71.08491130981585,3.8159694417774404,B,1
44.82711549899628,29.343715164538477,95.81674908773866,4.600100937868863,B,1
64.0934744018558,30.384259414793842,112.67736956776483,5.269294752580734,A,0
72.9889812361925,28.875720090959607,99.26654224788842,4.955106969877463,C,0
46.37161439560341,26.7499870958827,78.92215229794638,5.182501030599213,A,0
45.54497478599228,30.84327335983364,99.21393324133795,4.329884799545767,A,0
64.533844771177,32.209703247847045,125.56158274383236,6.17171791471616,C,0
65.79572145730712,24.548004612785768,118.70337573302079,3.823826663445219,B,1
44.771399728467316,37.054661898731354,99.06993985950952,5.487560297086719,A,1
45.798131829041424,29.507059338578692,114.2717391558713,6.181891092959962,C,0
47.18215391139493,30.094248114724238,94.50239469447922,5.480908092748895,B,0
36.555494889657226,33.541072116282784,74.44192619759922,4.79747577293517,C,0
40.81348053515802,31.166080656317508,86.13301017805668,4.4717029533370205,A,1
39.95859233247932,34.76568316956622,123.44333152762297,6.036087651046256,B,1
42.32202434895871,31.43562082600912,95.89010377256044,3.577025074738327,B,1
49.65315112613219,26.93781312679781,96.34924030937474,4.029875739620357,C,0
52.342147325365204,31.80751762603051,95.5024270558768,4.6024422345082785,B,0
65.50500492814076,24.28136896339669,128.5620488435951,6.237653757511998,A,0
40.016459592612094,30.542798528882617,124.38938373043095,5.379767636040896,A,0
59.843223984765835,29.833850046777695,133.281703501722,4.031954241489755,A,1
47.86011155774491,28.959415713637302,97.61432184399924,4.689692294615097,C,0
49.50536290347567,29.357312442805345,104.43436733120643,4.385676855903705,B,0
56.74819492166604,20.590754772511804,77.25036175868813,4.290211007766465,B,0
38.772779784377015,27.256375461295193,122.15401639177412,5.978889558556779,B,1
53.82409746184051,30.464224505705573,82.48330673098097,3.6282568707364944,A,1
51.66452208213056,30.799281959987002,103.25163345643944,6.6087808557343735,B,0
54.92451264008149,24.86162429537021,83.54046208550734,5.828229690184623,A,1
52.89168643907818,36.328539204323505,91.16699759891956,6.090861670603698,B,1
74.55300139910895,25.669125758927496,87.4410635342545,4.537060487974742,A,1
43.62260015748684,34.84728600263368,90.88187108986273,4.850059280920891,B,1
44.690030449981826,32.13597180935842,91.91315945276531,3.566848185475288,C,1
43.76859473575236,26.768863450780984,91.77596807612385,4.475337592933197,C,0
44.44522880839745,38.87655446304756,112.50000867670461,5.493654847643151,A,0
43.62612872693482,24.0318158412176,83.4270581040622,6.296063061781396,A,0
61.89016531107552,34.59577086805001,103.308121405208,3.8928431831975483,B,1
64.20504247989855,35.00291159021489,118.26938728458337,4.634494063014734,B,1
44.29253706250524,26.646898954616777,92.30205453229905,4.848700779767477,C,1
41.67644426895771,36.962326500321645,89.23121663878597,3.604210797807515,B,1
54.71415556386404,28.749767427005235,96.54213062229624,5.5913492417584,A,0
44.477769557190285,31.443468146399287,117.69587812541064,4.276009668257391,A,0
56.32931817755511,31.301609193856102,102.91161446430037,4.804609648822976,A,0
52.029230208513,29.32845629264726,92.03178558088602,4.548050628088122,A,0
34.84255885002768,34.05404136579891,107.2581497678206,4.210661494280326,A,0
65.47505201330061,33.967443602761065,83.46561775245365,4.9929550145194455,C,0
67.95877673095522,21.257340133809095,110.22039265664422,4.7843904214319775,C,1
43.87211309515614,36.52170121439076,106.12910961552652,4.628142117721334,A,1
46.122984400640156,21.68754005982163,95.38287293291674,4.271538378319657,B,0
52.85865390724905,35.16273102170829,87.42121302329153,5.319524670782956,A,1
53.34456789987025,35.633525684137915,86.69978616574814,6.653617268492285,C,0
56.5854427267283,24.54516784892401,108.02226004518866,5.139887232839127,A,0
70.1020453876635,27.945928560227077,118.43470753733592,5.996118214911129,C,1
48.2305277250595,24.47147665757032,90.44038379456808,3.6097780748465373,C,0
42.01702755461546,28.925394848556323,106.87580055327226,5.157761439293769,A,0
36.20680771985473,28.459828579071292,68.69459472096896,3.902631681028933,A,0
42.69069960058081,33.8983026613467,91.23073404014201,3.5230750724680986,B,1
49.66873027126203,36.55154373059804,99.53411600693647,4.2606285925409635,C,1
67.94557863517788,36.97841905394978,86.3547487452725,6.191899334413573,B,1
44.823887009638284,27.18915986710849,85.95240437815606,5.950015828669645,A,1
52.237879516388986,28.95389063127736,89.9833066529667,5.243004722054399,C,0
49.83577103927248,21.58280903889525,104.38289092489559,3.467299440110069,B,1
61.88393273448084,25.970649667519055,97.19006472390438,4.803719348612063,B,1
75.26932425873622,34.82425816548729,66.42653150012542,5.301700008901736,B,1
44.69131227079679,38.07791411774116,68.189497710474,5.175536229578598,A,0
45.10560557481778,23.82825564060039,90.89702233214237,3.1562064165192543,A,1
60.44160877069072,27.037678704235528,106.86529879080328,4.109682151980128,A,1
56.81891489626312,29.867971215205365,58.78742735912148,4.935922235851283,C,0
68.46707325736034,31.400805794098034,92.50404735772554,5.53629090951719,A,0
55.839281853259635,25.95198240039177,92.10628215223868,2.8038721789000536,C,0
46.40707909212941,32.12030522232045,120.82506667312671,4.837876024520142,B,0
55.90654830692309,27.63080326464542,94.22467282430705,5.143048769878952,B,1
61.087035805829075,29.927738645608603,105.74483477111393,5.849611988516213,A,0
58.204821811973645,32.7314212400185,102.11885710131195,5.692857584237437,B,1
55.07274031107298,30.032111349054688,68.04150280289198,5.582571318808805,A,1
60.666746895891535,27.818070547367157,111.52310824947605,4.200059493298066,C,1
61.692955904456724,29.451950980370846,103.23094758184432,3.0919978628766924,B,1
63.82158991037527,29.558185203973323,107.62402959511884,4.606947242938599,A,1
56.48709887589643,28.14994485058936,158.8935655965449,6.00163182520856,B,0
48.328819196831454,28.706019686664487,68.73830590752118,6.393454527524431,B,1
51.46713686433323,37.99323585252358,125.87044974641663,5.710549102297786,A,1
62.06508966508357,32.8045972397062,95.68828720899467,5.429340822801734,B,1
41.83064329012764,28.522598409854197,104.30993356604515,5.379639648385965,B,0
53.686733088729014,33.48477202255368,99.31731632048137,4.443881253239219,B,1
46.06661187672639,28.33090255121995,93.63645499902935,4.86993970644638,B,1
50.28744822934817,35.86562318793321,91.45250607641862,6.669069525826331,C,0
62.78451862607299,31.84821096099047,104.94263103359513,4.057441994208124,B,1
51.910990680199035,29.463489279978855,77.24239454992481,6.614778790709852,B,1
50.46436548156149,32.23858462905139,111.25868751282648,4.677971845507941,A,0
36.40143859020081,22.145619239657503,93.7570839267212,6.325432109095079,C,1
57.46253566027221,24.366162655450974,83.04895991439463,3.5931849905024618,A,1
56.45484181141075,24.030374968004722,93.24980713006279,5.585904201164649,A,1
71.6325472330546,30.714715473818533,118.8572382529386,4.263229864052378,A,1
46.92221765046999,38.66257499742546,91.96997369475665,3.5847328080758123,C,1
52.19150327663939,41.15650073096316,105.3768042731443,5.218534042410946,A,0
52.49383683710755,33.19025550720379,89.0356558642679,6.0094717885959685,A,0
65.77453279763475,32.50422237472228,111.3688277488543,4.155058561406504,A,0
49.047044676130476,20.994711329236303,110.28261608185306,3.5009840395415988,B,1
52.790215257703395,27.28663100132989,127.72913249944617,4.908155235665045,A,1
56.078965097165394,26.061081240458805,97.36654081751176,4.912564671222819,C,1
51.86609123156358,26.89576200874442,110.0298220713686,5.548319627554498,C,0
45.535663854494715,29.159280907076052,101.47101309308417,5.949594571364488,B,1
51.94089992898308,27.639547111514364,119.43807672794522,4.940584818727506,C,1
60.73631749859772,20.10350094812106,89.21751418586905,6.855503314794263,C,1
39.7348470058894,33.73955128058767,111.17507969315922,5.224234744535292,B,0
51.32969674146876,24.636284871300965,97.07954055824978,4.6535734939931,A,0
42.99879185060827,31.196234320555746,99.03717734337253,3.388432640897172,B,1
61.950466289248425,40.370413348749864,101.3762872667256,4.737340479683832,A,1
34.76813095216225,25.403077042067885,103.78360594640016,4.663613054588864,A,1
44.410781527284115,17.348562386268352,98.25656435317063,5.96030479628147,C,0
53.772118750645205,28.569978890599447,103.22069774755789,5.462483624066854,B,0
65.65524029234341,35.50479817499286,123.67177086343277,3.820630878367383,C,0
49.34249738927012,39.79173727110297,114.78174528422828,5.172254386411037,C,1
44.44800473306802,23.852252027737915,113.03731888745345,5.671531171729053,A,0
68.8115706944059,32.48349611618261,93.16690710964194,6.528031359387833,C,1
35.51986099583756,27.673447716099734,86.66138757657514,5.88750396741406,B,1
28.011940433799182,29.47025822847932,114.3295083735663,5.760846654311478,C,0
54.40014450053332,43.221716735085174,113.14070188794692,5.0600859946151635,C,1
44.97945775647389,22.485148358024233,122.09006013626473,5.388312005423449,A,0
39.787671828692865,31.268698307472867,90.94029061046156,6.2495049007061585,B,1
57.08356447299353,32.33846585882716,96.5567701695948,3.6672226025203503,C,1
52.43800713771199,35.42893162469674,75.40773756211848,4.650560672783044,A,0
44.359213692632714,30.48991576735448,94.1129334090869,4.227431251243759,C,1
37.19695601329106,31.54025269752051,114.94855765869171,5.379153118726125,B,1
58.724573282801444,28.041757162891045,93.00256931157703,6.230222175650788,C,1
56.50201177958661,31.345634706225535,109.60719692801236,4.403025713278926,C,1
49.00824136220617,28.28403862251295,97.14245341003283,2.609695632530562,A,1
68.46636996047665,33.107859449280255,104.86085542332341,4.58777925497553,C,1
39.29915233673847,28.15194831978183,82.78462915276499,5.9134737320174064,A,1
34.74474829075261,31.885501969510933,101.27814174450852,5.537629902949879,B,1
43.080919301187556,29.853685931575107,55.13296043648915,5.428186247810576,C,0
49.54413983644502,35.63025125386084,97.19655762757023,4.720006698125521,B,0
52.43339449322692,29.74303138205757,75.5429013442729,3.720969263780214,B,1
47.5876394214367,21.134837658965594,118.08991774820224,5.515294321624467,C,1
53.520553965142966,36.30960750356996,111.66111029146766,4.165718189965375,A,0
37.48460575809556,25.471338495686904,107.00006472949121,7.184096733380456,B,1
64.4376460407326,26.7311683067559,122.8150934073907,5.570507208354516,B,0
49.178488216074314,27.02169352978254,85.76625218762744,4.419351697446049,C,0
61.172958315881274,36.87219046585409,126.21044796873338,4.388614752611372,C,0
53.42725346377704,19.32162893010652,113.98287346390578,4.907055793386411,C,1
54.567532191537836,45.688742668299966,96.4516706917158,4.760498077978251,C,1
55.69767280232204,35.28028404533026,117.03430220774416,6.116833775529955,C,1
54.47708560017315,31.1161945706458,83.4055973138255,5.186416169744047,C,0
56.42722759867544,29.725529996918567,87.6322875770849,4.268368261091472,A,0
63.29152530132431,31.427770374288286,90.8711541514045,6.890440685155783,B,0
51.9652116970147,32.60561214189669,92.06533437903977,5.049308331520223,A,1
57.09003757588512,33.22607792975028,84.15163535859621,5.768839675968897,A,0
49.102643057127736,32.778022330017244,118.34624600642988,4.391773492555241,C,0
64.40117215449473,30.447903406276243,96.11718399445253,5.3631156277445236,B,1
43.2360769794073,29.01330789846337,105.2875745253532,5.311109991143195,A,0
68.00940432910815,29.243633581732443,91.44472950379479,3.110350707903847,C,0
49.59842049355657,29.025458598236597,72.69095049177224,7.015275110460641,C,1
35.69224897881952,35.66885048433532,104.05086037587134,6.290644460922547,B,1
51.28104414910789,32.96778361140431,71.31617536870334,4.602804683854012,A,0
43.18948342525119,15.298056826678598,98.97048930871797,3.8977302595441445,A,1
58.406435489887244,33.279503882648804,79.47527441750785,5.347561613803552,A,0
43.47376020697609,30.973680973593876,129.8091399884621,5.086697699414397,C,1
45.538165667852205,29.90645621777051,113.67044083262083,5.355668948563229,B,0
31.104592690544692,28.05740773455557,101.5863068690722,5.19157739619409,B,1
45.47693680750923,35.620563599930065,118.95560016482003,5.506240989305926,A,0
25.761206733710434,34.73763231061429,87.30526033801397,6.447305699391807,C,1
34.16097176514277,26.135611660881956,108.15219068005139,5.568103205128646,A,1
57.604146561442974,32.03526143562267,102.99715650578071,3.9503445010900586,B,1
57.85800158650832,25.14171632729357,103.96030122000505,6.362562852712452,C,1
54.254575617849646,23.101909176055347,119.08530250160152,6.640614563488287,A,1
40.33023856870787,26.866413877050174,110.98738154169703,8.152056734512085,A,1
49.5228864385802,34.311967361913794,104.33085494237535,3.8765059667604023,C,1
49.963974609094315,34.76562522688043,75.17668845657556,5.242882013150275,B,0
38.416353108074574,32.56542710048647,85.59930557080804,2.9179012968110127,C,0
65.0339830176715,33.625478934239986,98.15936599606414,5.5531491563792095,A,1
58.77362290575671,32.58089143557479,101.40058561414976,4.451799701833227,A,1
47.79035826170336,26.792592023885238,83.04694412989114,6.9234457948249535,A,0
50.26885838994531,32.159612723369705,136.1751501336763,4.225385029981418,A,0
52.08382807947552,34.00204762613841,122.74591082880359,3.3108169620327383,B,1
29.582651315757094,33.77145664906787,109.03177480588725,4.528736259297481,B,0
47.52822617479403,35.94456685737322,101.08055291925618,3.0245122287828625,A,0
43.180157520022014,33.54151923600532,96.81686545148273,5.75109945450731,B,1
39.983799901050844,31.757241037707914,85.72122309966647,2.9349169537436794,B,1
47.18899707114045,35.350751191582134,101.16220777778294,5.028457581183159,B,1
67.97686526849523,29.8673937037547,103.86628810214125,2.922188180143803,A,0
56.4084286126701,25.59062674386141,81.37359136777563,4.679702195463358,C,1
44.28821010217203,29.18466518028118,105.01264625867346,6.643378155804534,C,1
55.72582781356159,26.275486775967757,97.67111426762877,5.360647891435795,C,0
